-- phpMyAdmin SQL Dump
-- version 4.0.10.16
-- http://www.phpmyadmin.net
--
-- Host: localhost
-- Generation Time: Jul 28, 2017 at 04:03 PM
-- Server version: 5.6.16
-- PHP Version: 5.3.3

SET SQL_MODE = "NO_AUTO_VALUE_ON_ZERO";
SET time_zone = "+00:00";


/*!40101 SET @OLD_CHARACTER_SET_CLIENT=@@CHARACTER_SET_CLIENT */;
/*!40101 SET @OLD_CHARACTER_SET_RESULTS=@@CHARACTER_SET_RESULTS */;
/*!40101 SET @OLD_COLLATION_CONNECTION=@@COLLATION_CONNECTION */;
/*!40101 SET NAMES utf8 */;

--
-- Database: `gsp_audit17`
--

-- --------------------------------------------------------

--
-- Table structure for table `cities`
--

CREATE TABLE IF NOT EXISTS `cities` (
  `id` int(11) NOT NULL AUTO_INCREMENT,
  `name` varchar(30) NOT NULL,
  `state_id` int(11) NOT NULL,
  PRIMARY KEY (`id`)
) ENGINE=InnoDB  DEFAULT CHARSET=latin1 AUTO_INCREMENT=656 ;

--
-- Dumping data for table `cities`
--

INSERT INTO `cities` (`id`, `name`, `state_id`) VALUES
(1, 'North Andaman', 1),
(2, 'South Andaman', 1),
(3, 'Nicobar', 1),
(4, 'Adilabad', 2),
(5, 'Anantapur', 2),
(6, 'Chittoor', 2),
(7, 'East Godavari', 2),
(8, 'Guntur', 2),
(9, 'Hyderabad', 2),
(10, 'Karimnagar', 2),
(11, 'Khammam', 2),
(12, 'Krishna', 2),
(13, 'Kurnool', 2),
(14, 'Mahbubnagar', 2),
(15, 'Medak', 2),
(16, 'Nalgonda', 2),
(17, 'Nizamabad', 2),
(18, 'Prakasam', 2),
(19, 'Ranga Reddy', 2),
(20, 'Srikakulam', 2),
(21, 'Sri Potti Sri Ramulu Nellore', 2),
(22, 'Vishakhapatnam', 2),
(23, 'Vizianagaram', 2),
(24, 'Warangal', 2),
(25, 'West Godavari', 2),
(26, 'Cudappah', 2),
(27, 'Anjaw', 3),
(28, 'Changlang', 3),
(29, 'East Siang', 3),
(30, 'East Kameng', 3),
(31, 'Kurung Kumey', 3),
(32, 'Lohit', 3),
(33, 'Lower Dibang Valley', 3),
(34, 'Lower Subansiri', 3),
(35, 'Papum Pare', 3),
(36, 'Tawang', 3),
(37, 'Tirap', 3),
(38, 'Dibang Valley', 3),
(39, 'Upper Siang', 3),
(40, 'Upper Subansiri', 3),
(41, 'West Kameng', 3),
(42, 'West Siang', 3),
(43, 'Baksa', 4),
(44, 'Barpeta', 4),
(45, 'Bongaigaon', 4),
(46, 'Cachar', 4),
(47, 'Chirang', 4),
(48, 'Darrang', 4),
(49, 'Dhemaji', 4),
(50, 'Dima Hasao', 4),
(51, 'Dhubri', 4),
(52, 'Dibrugarh', 4),
(53, 'Goalpara', 4),
(54, 'Golaghat', 4),
(55, 'Hailakandi', 4),
(56, 'Jorhat', 4),
(57, 'Kamrup', 4),
(58, 'Kamrup Metropolitan', 4),
(59, 'Karbi Anglong', 4),
(60, 'Karimganj', 4),
(61, 'Kokrajhar', 4),
(62, 'Lakhimpur', 4),
(63, 'Morigaon', 4),
(64, 'Nagaon', 4),
(65, 'Nalbari', 4),
(66, 'Sivasagar', 4),
(67, 'Sonitpur', 4),
(68, 'Tinsukia', 4),
(69, 'Udalguri', 4),
(70, 'Araria', 5),
(71, 'Arwal', 5),
(72, 'Aurangabad', 5),
(73, 'Banka', 5),
(74, 'Begusarai', 5),
(75, 'Bhagalpur', 5),
(76, 'Bhojpur', 5),
(77, 'Buxar', 5),
(78, 'Darbhanga', 5),
(79, 'East Champaran', 5),
(80, 'Gaya', 5),
(81, 'Gopalganj', 5),
(82, 'Jamui', 5),
(83, 'Jehanabad', 5),
(84, 'Kaimur', 5),
(85, 'Katihar', 5),
(86, 'Khagaria', 5),
(87, 'Kishanganj', 5),
(88, 'Lakhisarai', 5),
(89, 'Madhepura', 5),
(90, 'Madhubani', 5),
(91, 'Munger', 5),
(92, 'Muzaffarpur', 5),
(93, 'Nalanda', 5),
(94, 'Nawada', 5),
(95, 'Patna', 5),
(96, 'Purnia', 5),
(97, 'Rohtas', 5),
(98, 'Saharsa', 5),
(99, 'Samastipur', 5),
(100, 'Saran', 5),
(101, 'Sheikhpura', 5),
(102, 'Sheohar', 5),
(103, 'Sitamarhi', 5),
(104, 'Siwan', 5),
(105, 'Supaul', 5),
(106, 'Chandigarh', 6),
(107, 'Bastar', 7),
(108, 'Bijapur', 7),
(109, 'Bilaspur', 7),
(110, 'Dantewada', 7),
(111, 'Dhamtari', 7),
(112, 'Durg', 7),
(113, 'Jashpur', 7),
(114, 'Janjgir-Champa', 7),
(115, 'Korba', 7),
(116, 'Koriya', 7),
(117, 'Kanker', 7),
(118, 'Kabirdham (formerly Kawardha)', 7),
(119, 'Mahasamund', 7),
(120, 'Narayanpur', 7),
(121, 'Raigarh', 7),
(122, 'Rajnandgaon', 7),
(123, 'Raipur', 7),
(124, 'Surguja', 7),
(125, 'Dadra and Nagar Haveli', 8),
(126, 'Daman', 9),
(127, 'Diu', 9),
(128, 'Central Delhi', 10),
(129, 'East Delhi', 10),
(130, 'New Delhi', 10),
(131, 'North Delhi', 10),
(132, 'North East Delhi', 10),
(133, 'North West Delhi', 10),
(134, 'South Delhi', 10),
(135, 'South West Delhi', 10),
(136, 'West Delhi', 10),
(137, 'North Goa', 11),
(138, 'South Goa', 11),
(139, 'Ahmedabad', 12),
(140, 'Amreli district', 12),
(141, 'Anand', 12),
(142, 'Banaskantha', 12),
(143, 'Bharuch', 12),
(144, 'Bhavnagar', 12),
(145, 'Dahod', 12),
(146, 'The Dangs', 12),
(147, 'Gandhinagar', 12),
(148, 'Jamnagar', 12),
(149, 'Junagadh', 12),
(150, 'Kutch', 12),
(151, 'Kheda', 12),
(152, 'Mehsana', 12),
(153, 'Narmada', 12),
(154, 'Navsari', 12),
(155, 'Patan', 12),
(156, 'Panchmahal', 12),
(157, 'Porbandar', 12),
(158, 'Rajkot', 12),
(159, 'Sabarkantha', 12),
(160, 'Surendranagar', 12),
(161, 'Surat', 12),
(162, 'Tapi', 12),
(163, 'Vadodara', 12),
(164, 'Valsad', 12),
(165, 'Ambala', 13),
(166, 'Bhiwani', 13),
(167, 'Faridabad', 13),
(168, 'Fatehabad', 13),
(169, 'Gurgaon', 13),
(170, 'Hissar', 13),
(171, 'Jhajjar', 13),
(172, 'Jind', 13),
(173, 'Karnal', 13),
(174, 'Kaithal', 13),
(175, 'Kurukshetra', 13),
(176, 'Mahendragarh', 13),
(177, 'Mewat', 13),
(178, 'Palwal', 13),
(179, 'Panchkula', 13),
(180, 'Panipat', 13),
(181, 'Rewari', 13),
(182, 'Rohtak', 13),
(183, 'Sirsa', 13),
(184, 'Sonipat', 13),
(185, 'Yamuna Nagar', 13),
(186, 'Bilaspur', 14),
(187, 'Chamba', 14),
(188, 'Hamirpur', 14),
(189, 'Kangra', 14),
(190, 'Kinnaur', 14),
(191, 'Kullu', 14),
(192, 'Lahaul and Spiti', 14),
(193, 'Mandi', 14),
(194, 'Shimla', 14),
(195, 'Sirmaur', 14),
(196, 'Solan', 14),
(197, 'Una', 14),
(198, 'Anantnag', 15),
(199, 'Badgam', 15),
(200, 'Bandipora', 15),
(201, 'Baramulla', 15),
(202, 'Doda', 15),
(203, 'Ganderbal', 15),
(204, 'Jammu', 15),
(205, 'Kargil', 15),
(206, 'Kathua', 15),
(207, 'Kishtwar', 15),
(208, 'Kupwara', 15),
(209, 'Kulgam', 15),
(210, 'Leh', 15),
(211, 'Poonch', 15),
(212, 'Pulwama', 15),
(213, 'Rajouri', 15),
(214, 'Ramban', 15),
(215, 'Reasi', 15),
(216, 'Samba', 15),
(217, 'Shopian', 15),
(218, 'Srinagar', 15),
(219, 'Udhampur', 15),
(220, 'Bokaro', 16),
(221, 'Chatra', 16),
(222, 'Deoghar', 16),
(223, 'Dhanbad', 16),
(224, 'Dumka', 16),
(225, 'East Singhbhum', 16),
(226, 'Garhwa', 16),
(227, 'Giridih', 16),
(228, 'Godda', 16),
(229, 'Gumla', 16),
(230, 'Hazaribag', 16),
(231, 'Jamtara', 16),
(232, 'Khunti', 16),
(233, 'Koderma', 16),
(234, 'Latehar', 16),
(235, 'Lohardaga', 16),
(236, 'Pakur', 16),
(237, 'Palamu', 16),
(238, 'Ramgarh', 16),
(239, 'Ranchi', 16),
(240, 'Sahibganj', 16),
(241, 'Seraikela Kharsawan', 16),
(242, 'Simdega', 16),
(243, 'West Singhbhum', 16),
(244, 'Bagalkot', 17),
(245, 'Bangalore Rural', 17),
(246, 'Bangalore Urban', 17),
(247, 'Belgaum', 17),
(248, 'Bellary', 17),
(249, 'Bidar', 17),
(250, 'Bijapur', 17),
(251, 'Chamarajnagar', 17),
(252, 'Chikkamagaluru', 17),
(253, 'Chikkaballapur', 17),
(254, 'Chitradurga', 17),
(255, 'Davanagere', 17),
(256, 'Dharwad', 17),
(257, 'Dakshina Kannada', 17),
(258, 'Gadag', 17),
(259, 'Gulbarga', 17),
(260, 'Hassan', 17),
(261, 'Haveri district', 17),
(262, 'Kodagu', 17),
(263, 'Kolar', 17),
(264, 'Koppal', 17),
(265, 'Mandya', 17),
(266, 'Mysore', 17),
(267, 'Raichur', 17),
(268, 'Shimoga', 17),
(269, 'Tumkur', 17),
(270, 'Udupi', 17),
(271, 'Uttara Kannada', 17),
(272, 'Ramanagara', 17),
(273, 'Yadgir', 17),
(274, 'Alappuzha', 18),
(275, 'Ernakulam', 18),
(276, 'Idukki', 18),
(277, 'Kannur', 18),
(278, 'Kasaragod', 18),
(279, 'Kollam', 18),
(280, 'Kottayam', 18),
(281, 'Kozhikode', 18),
(282, 'Malappuram', 18),
(283, 'Palakkad', 18),
(284, 'Pathanamthitta', 18),
(285, 'Thrissur', 18),
(286, 'Thiruvananthapuram', 18),
(287, 'Wayanad', 18),
(288, 'Lakshadweep', 19),
(289, 'Agar', 20),
(290, 'Alirajpur', 20),
(291, 'Anuppur', 20),
(292, 'Ashok Nagar', 20),
(293, 'Balaghat', 20),
(294, 'Barwani', 20),
(295, 'Betul', 20),
(296, 'Bhind', 20),
(297, 'Bhopal', 20),
(298, 'Burhanpur', 20),
(299, 'Chhatarpur', 20),
(300, 'Chhindwara', 20),
(301, 'Damoh', 20),
(302, 'Datia', 20),
(303, 'Dewas', 20),
(304, 'Dhar', 20),
(305, 'Dindori', 20),
(306, 'Guna', 20),
(307, 'Gwalior', 20),
(308, 'Harda', 20),
(309, 'Hoshangabad', 20),
(310, 'Indore', 20),
(311, 'Jabalpur', 20),
(312, 'Jhabua', 20),
(313, 'Katni', 20),
(314, 'Khandwa (East Nimar)', 20),
(315, 'Khargone (West Nimar)', 20),
(316, 'Mandla', 20),
(317, 'Mandsaur', 20),
(318, 'Morena', 20),
(319, 'Narsinghpur', 20),
(320, 'Neemuch', 20),
(321, 'Panna', 20),
(322, 'Raisen', 20),
(323, 'Rajgarh', 20),
(324, 'Ratlam', 20),
(325, 'Rewa', 20),
(326, 'Sagar', 20),
(327, 'Satna', 20),
(328, 'Sehore', 20),
(329, 'Seoni', 20),
(330, 'Shahdol', 20),
(331, 'Shajapur', 20),
(332, 'Sheopur', 20),
(333, 'Shivpuri', 20),
(334, 'Sidhi', 20),
(335, 'Singrauli', 20),
(336, 'Tikamgarh', 20),
(337, 'Ujjain', 20),
(338, 'Umaria', 20),
(339, 'Vidisha', 20),
(340, 'Ahmednagar', 21),
(341, 'Akola', 21),
(342, 'Amravati', 21),
(343, 'Aurangabad', 21),
(344, 'Beed', 21),
(345, 'Bhandara', 21),
(346, 'Buldhana', 21),
(347, 'Chandrapur', 21),
(348, 'Dhule', 21),
(349, 'Gadchiroli', 21),
(350, 'Gondia', 21),
(351, 'Hingoli', 21),
(352, 'Jalgaon', 21),
(353, 'Jalna', 21),
(354, 'Kolhapur', 21),
(355, 'Latur', 21),
(356, 'Mumbai City', 21),
(357, 'Mumbai suburban', 21),
(358, 'Nanded', 21),
(359, 'Nandurbar', 21),
(360, 'Nagpur', 21),
(361, 'Nashik', 21),
(362, 'Osmanabad', 21),
(363, 'Parbhani', 21),
(364, 'Pune', 21),
(365, 'Raigad', 21),
(366, 'Ratnagiri', 21),
(367, 'Sangli', 21),
(368, 'Satara', 21),
(369, 'Sindhudurg', 21),
(370, 'Solapur', 21),
(371, 'Thane', 21),
(372, 'Wardha', 21),
(373, 'Washim', 21),
(374, 'Yavatmal', 21),
(375, 'Bishnupur', 22),
(376, 'Churachandpur', 22),
(377, 'Chandel', 22),
(378, 'Imphal East', 22),
(379, 'Senapati', 22),
(380, 'Tamenglong', 22),
(381, 'Thoubal', 22),
(382, 'Ukhrul', 22),
(383, 'Imphal West', 22),
(384, 'East Garo Hills', 23),
(385, 'East Khasi Hills', 23),
(386, 'Jaintia Hills', 23),
(387, 'Ri Bhoi', 23),
(388, 'South Garo Hills', 23),
(389, 'West Garo Hills', 23),
(390, 'West Khasi Hills', 23),
(391, 'Aizawl', 24),
(392, 'Champhai', 24),
(393, 'Kolasib', 24),
(394, 'Lawngtlai', 24),
(395, 'Lunglei', 24),
(396, 'Mamit', 24),
(397, 'Saiha', 24),
(398, 'Serchhip', 24),
(399, 'Dimapur', 25),
(400, 'Kiphire', 25),
(401, 'Kohima', 25),
(402, 'Longleng', 25),
(403, 'Mokokchung', 25),
(404, 'Mon', 25),
(405, 'Peren', 25),
(406, 'Phek', 25),
(407, 'Tuensang', 25),
(408, 'Wokha', 25),
(409, 'Zunheboto', 25),
(410, 'Angul', 26),
(411, 'Boudh (Bauda)', 26),
(412, 'Bhadrak', 26),
(413, 'Balangir', 26),
(414, 'Bargarh (Baragarh)', 26),
(415, 'Balasore', 26),
(416, 'Cuttack', 26),
(417, 'Debagarh (Deogarh)', 26),
(418, 'Dhenkanal', 26),
(419, 'Ganjam', 26),
(420, 'Gajapati', 26),
(421, 'Jharsuguda', 26),
(422, 'Jajpur', 26),
(423, 'Jagatsinghpur', 26),
(424, 'Khordha', 26),
(425, 'Kendujhar (Keonjhar)', 26),
(426, 'Kalahandi', 26),
(427, 'Kandhamal', 26),
(428, 'Koraput', 26),
(429, 'Kendrapara', 26),
(430, 'Malkangiri', 26),
(431, 'Mayurbhanj', 26),
(432, 'Nabarangpur', 26),
(433, 'Nuapada', 26),
(434, 'Nayagarh', 26),
(435, 'Puri', 26),
(436, 'Rayagada', 26),
(437, 'Sambalpur', 26),
(438, 'Subarnapur (Sonepur)', 26),
(439, 'Sundergarh', 26),
(440, 'Karaikal', 27),
(441, 'Mahe', 27),
(442, 'Pondicherry', 27),
(443, 'Yanam', 27),
(444, 'Amritsar', 28),
(445, 'Barnala', 28),
(446, 'Bathinda', 28),
(447, 'Firozpur', 28),
(448, 'Faridkot', 28),
(449, 'Fatehgarh Sahib', 28),
(450, 'Fazilka', 28),
(451, 'Gurdaspur', 28),
(452, 'Hoshiarpur', 28),
(453, 'Jalandhar', 28),
(454, 'Kapurthala', 28),
(455, 'Ludhiana', 28),
(456, 'Mansa', 28),
(457, 'Moga', 28),
(458, 'Sri Muktsar Sahib', 28),
(459, 'Pathankot', 28),
(460, 'Patiala', 28),
(461, 'Rupnagar', 28),
(462, 'Mohali (SS Nagar)', 28),
(463, 'Sangrur', 28),
(464, 'Shahid Bhagat Singh Nagar', 28),
(465, 'Tarn Taran', 28),
(466, 'Ajmer', 29),
(467, 'Alwar', 29),
(468, 'Bikaner', 29),
(469, 'Barmer', 29),
(470, 'Banswara', 29),
(471, 'Bharatpur', 29),
(472, 'Baran', 29),
(473, 'Bundi', 29),
(474, 'Bhilwara', 29),
(475, 'Churu', 29),
(476, 'Chittorgarh', 29),
(477, 'Dausa', 29),
(478, 'Dholpur', 29),
(479, 'Dungapur', 29),
(480, 'Ganganagar', 29),
(481, 'Hanumangarh', 29),
(482, 'Jhunjhunu', 29),
(483, 'Jalore', 29),
(484, 'Jodhpur', 29),
(485, 'Jaipur', 29),
(486, 'Jaisalmer', 29),
(487, 'Jhalawar', 29),
(488, 'Karauli', 29),
(489, 'Kota', 29),
(490, 'Nagaur', 29),
(491, 'Pali', 29),
(492, 'Pratapgarh', 29),
(493, 'Rajsamand', 29),
(494, 'Sikar', 29),
(495, 'Sawai Madhopur', 29),
(496, 'Sirohi', 29),
(497, 'Tonk', 29),
(498, 'Udaipur', 29),
(499, 'East Sikkim', 30),
(500, 'North Sikkim', 30),
(501, 'South Sikkim', 30),
(502, 'West Sikkim', 30),
(503, 'Ariyalur', 31),
(504, 'Chennai', 31),
(505, 'Coimbatore', 31),
(506, 'Cuddalore', 31),
(507, 'Dharmapuri', 31),
(508, 'Dindigul', 31),
(509, 'Erode', 31),
(510, 'Kanchipuram', 31),
(511, 'Kanyakumari', 31),
(512, 'Karur', 31),
(513, 'Krishnagiri', 31),
(514, 'Madurai', 31),
(515, 'Nagapattinam', 31),
(516, 'Nilgiris', 31),
(517, 'Namakkal', 31),
(518, 'Perambalur', 31),
(519, 'Pudukkottai', 31),
(520, 'Ramanathapuram', 31),
(521, 'Salem', 31),
(522, 'Sivaganga', 31),
(523, 'Tirupur', 31),
(524, 'Tiruchirappalli', 31),
(525, 'Theni', 31),
(526, 'Tirunelveli', 31),
(527, 'Thanjavur', 31),
(528, 'Thoothukudi', 31),
(529, 'Tiruvallur', 31),
(530, 'Tiruvarur', 31),
(531, 'Tiruvannamalai', 31),
(532, 'Vellore', 31),
(533, 'Viluppuram', 31),
(534, 'Virudhunagar', 31),
(535, 'Adilabad', 32),
(536, 'Hyderabad', 32),
(537, 'Karimnagar', 32),
(538, 'Khammam', 32),
(539, 'Mahbubnagar', 32),
(540, 'Medak', 32),
(541, 'Nalgonda', 32),
(542, 'Nizamabad', 32),
(543, 'Ranga Reddy', 32),
(544, 'Warangal', 32),
(545, 'Dhalai', 33),
(546, 'North Tripura', 33),
(547, 'South Tripura', 33),
(548, 'Khowai[7]', 33),
(549, 'West Tripura', 33),
(550, 'Agra', 34),
(551, 'Aligarh', 34),
(552, 'Allahabad', 34),
(553, 'Ambedkar Nagar', 34),
(554, 'Auraiya', 34),
(555, 'Azamgarh', 34),
(556, 'Bagpat', 34),
(557, 'Bahraich', 34),
(558, 'Ballia', 34),
(559, 'Balrampur', 34),
(560, 'Banda', 34),
(561, 'Barabanki', 34),
(562, 'Bareilly', 34),
(563, 'Basti', 34),
(564, 'Bijnor', 34),
(565, 'Budaun', 34),
(566, 'Bulandshahr', 34),
(567, 'Chandauli', 34),
(568, 'Chhatrapati Shahuji Maharaj Na', 34),
(569, 'Chitrakoot', 34),
(570, 'Deoria', 34),
(571, 'Etah', 34),
(572, 'Etawah', 34),
(573, 'Faizabad', 34),
(574, 'Farrukhabad', 34),
(575, 'Fatehpur', 34),
(576, 'Firozabad', 34),
(577, 'Gautam Buddh Nagar', 34),
(578, 'Ghaziabad', 34),
(579, 'Ghazipur', 34),
(580, 'Gonda', 34),
(581, 'Gorakhpur', 34),
(582, 'Hamirpur', 34),
(583, 'Hardoi', 34),
(584, 'Hathras', 34),
(585, 'Jalaun', 34),
(586, 'Jaunpur district', 34),
(587, 'Jhansi', 34),
(588, 'Jyotiba Phule Nagar', 34),
(589, 'Kannauj', 34),
(590, 'Kanpur', 34),
(591, 'Kanshi Ram Nagar', 34),
(592, 'Kaushambi', 34),
(593, 'Kushinagar', 34),
(594, 'Lakhimpur Kheri', 34),
(595, 'Lalitpur', 34),
(596, 'Lucknow', 34),
(597, 'Maharajganj', 34),
(598, 'Mahoba', 34),
(599, 'Mainpuri', 34),
(600, 'Mathura', 34),
(601, 'Mau', 34),
(602, 'Meerut', 34),
(603, 'Mirzapur', 34),
(604, 'Moradabad', 34),
(605, 'Muzaffarnagar', 34),
(606, 'Panchsheel Nagar district (Hap', 34),
(607, 'Pilibhit', 34),
(608, 'Pratapgarh', 34),
(609, 'Raebareli', 34),
(610, 'Ramabai Nagar (Kanpur Dehat)', 34),
(611, 'Rampur', 34),
(612, 'Saharanpur', 34),
(613, 'Sant Kabir Nagar', 34),
(614, 'Sant Ravidas Nagar', 34),
(615, 'Shahjahanpur', 34),
(616, 'Shamli[9]', 34),
(617, 'Shravasti', 34),
(618, 'Siddharthnagar', 34),
(619, 'Sitapur', 34),
(620, 'Sonbhadra', 34),
(621, 'Sultanpur', 34),
(622, 'Unnao', 34),
(623, 'Varanasi', 34),
(624, 'Almora', 35),
(625, 'Bageshwar', 35),
(626, 'Chamoli', 35),
(627, 'Champawat', 35),
(628, 'Dehradun', 35),
(629, 'Haridwar', 35),
(630, 'Nainital', 35),
(631, 'Pauri Garhwal', 35),
(632, 'Pithoragarh', 35),
(633, 'Rudraprayag', 35),
(634, 'Tehri Garhwal', 35),
(635, 'Udham Singh Nagar', 35),
(636, 'Uttarkashi', 35),
(637, 'Bankura', 36),
(638, 'Bardhaman', 36),
(639, 'Birbhum', 36),
(640, 'Cooch Behar', 36),
(641, 'Dakshin Dinajpur', 36),
(642, 'Darjeeling', 36),
(643, 'Hooghly', 36),
(644, 'Howrah', 36),
(645, 'Jalpaiguri', 36),
(646, 'Kolkata', 36),
(647, 'Maldah', 36),
(648, 'Murshidabad', 36),
(649, 'Nadia', 36),
(650, 'North 24 Parganas', 36),
(651, 'Paschim Medinipur', 36),
(652, 'Purba Medinipur', 36),
(653, 'Purulia', 36),
(654, 'South 24 Parganas', 36),
(655, 'Uttar Dinajpur', 36);

-- --------------------------------------------------------

--
-- Table structure for table `countries`
--

CREATE TABLE IF NOT EXISTS `countries` (
  `id` int(11) NOT NULL AUTO_INCREMENT,
  `sortname` varchar(3) NOT NULL,
  `name` varchar(150) NOT NULL,
  `phonecode` int(11) NOT NULL,
  PRIMARY KEY (`id`)
) ENGINE=InnoDB  DEFAULT CHARSET=utf8 AUTO_INCREMENT=247 ;

--
-- Dumping data for table `countries`
--

INSERT INTO `countries` (`id`, `sortname`, `name`, `phonecode`) VALUES
(1, 'AF', 'Afghanistan', 93),
(2, 'AL', 'Albania', 355),
(3, 'DZ', 'Algeria', 213),
(4, 'AS', 'American Samoa', 1684),
(5, 'AD', 'Andorra', 376),
(6, 'AO', 'Angola', 244),
(7, 'AI', 'Anguilla', 1264),
(8, 'AQ', 'Antarctica', 0),
(9, 'AG', 'Antigua And Barbuda', 1268),
(10, 'AR', 'Argentina', 54),
(11, 'AM', 'Armenia', 374),
(12, 'AW', 'Aruba', 297),
(13, 'AU', 'Australia', 61),
(14, 'AT', 'Austria', 43),
(15, 'AZ', 'Azerbaijan', 994),
(16, 'BS', 'Bahamas The', 1242),
(17, 'BH', 'Bahrain', 973),
(18, 'BD', 'Bangladesh', 880),
(19, 'BB', 'Barbados', 1246),
(20, 'BY', 'Belarus', 375),
(21, 'BE', 'Belgium', 32),
(22, 'BZ', 'Belize', 501),
(23, 'BJ', 'Benin', 229),
(24, 'BM', 'Bermuda', 1441),
(25, 'BT', 'Bhutan', 975),
(26, 'BO', 'Bolivia', 591),
(27, 'BA', 'Bosnia and Herzegovina', 387),
(28, 'BW', 'Botswana', 267),
(29, 'BV', 'Bouvet Island', 0),
(30, 'BR', 'Brazil', 55),
(31, 'IO', 'British Indian Ocean Territory', 246),
(32, 'BN', 'Brunei', 673),
(33, 'BG', 'Bulgaria', 359),
(34, 'BF', 'Burkina Faso', 226),
(35, 'BI', 'Burundi', 257),
(36, 'KH', 'Cambodia', 855),
(37, 'CM', 'Cameroon', 237),
(38, 'CA', 'Canada', 1),
(39, 'CV', 'Cape Verde', 238),
(40, 'KY', 'Cayman Islands', 1345),
(41, 'CF', 'Central African Republic', 236),
(42, 'TD', 'Chad', 235),
(43, 'CL', 'Chile', 56),
(44, 'CN', 'China', 86),
(45, 'CX', 'Christmas Island', 61),
(46, 'CC', 'Cocos (Keeling) Islands', 672),
(47, 'CO', 'Colombia', 57),
(48, 'KM', 'Comoros', 269),
(49, 'CG', 'Congo', 242),
(50, 'CD', 'Congo The Democratic Republic Of The', 242),
(51, 'CK', 'Cook Islands', 682),
(52, 'CR', 'Costa Rica', 506),
(53, 'CI', 'Cote D''Ivoire (Ivory Coast)', 225),
(54, 'HR', 'Croatia (Hrvatska)', 385),
(55, 'CU', 'Cuba', 53),
(56, 'CY', 'Cyprus', 357),
(57, 'CZ', 'Czech Republic', 420),
(58, 'DK', 'Denmark', 45),
(59, 'DJ', 'Djibouti', 253),
(60, 'DM', 'Dominica', 1767),
(61, 'DO', 'Dominican Republic', 1809),
(62, 'TP', 'East Timor', 670),
(63, 'EC', 'Ecuador', 593),
(64, 'EG', 'Egypt', 20),
(65, 'SV', 'El Salvador', 503),
(66, 'GQ', 'Equatorial Guinea', 240),
(67, 'ER', 'Eritrea', 291),
(68, 'EE', 'Estonia', 372),
(69, 'ET', 'Ethiopia', 251),
(70, 'XA', 'External Territories of Australia', 61),
(71, 'FK', 'Falkland Islands', 500),
(72, 'FO', 'Faroe Islands', 298),
(73, 'FJ', 'Fiji Islands', 679),
(74, 'FI', 'Finland', 358),
(75, 'FR', 'France', 33),
(76, 'GF', 'French Guiana', 594),
(77, 'PF', 'French Polynesia', 689),
(78, 'TF', 'French Southern Territories', 0),
(79, 'GA', 'Gabon', 241),
(80, 'GM', 'Gambia The', 220),
(81, 'GE', 'Georgia', 995),
(82, 'DE', 'Germany', 49),
(83, 'GH', 'Ghana', 233),
(84, 'GI', 'Gibraltar', 350),
(85, 'GR', 'Greece', 30),
(86, 'GL', 'Greenland', 299),
(87, 'GD', 'Grenada', 1473),
(88, 'GP', 'Guadeloupe', 590),
(89, 'GU', 'Guam', 1671),
(90, 'GT', 'Guatemala', 502),
(91, 'XU', 'Guernsey and Alderney', 44),
(92, 'GN', 'Guinea', 224),
(93, 'GW', 'Guinea-Bissau', 245),
(94, 'GY', 'Guyana', 592),
(95, 'HT', 'Haiti', 509),
(96, 'HM', 'Heard and McDonald Islands', 0),
(97, 'HN', 'Honduras', 504),
(98, 'HK', 'Hong Kong S.A.R.', 852),
(99, 'HU', 'Hungary', 36),
(100, 'IS', 'Iceland', 354),
(101, 'IN', 'India', 91),
(102, 'ID', 'Indonesia', 62),
(103, 'IR', 'Iran', 98),
(104, 'IQ', 'Iraq', 964),
(105, 'IE', 'Ireland', 353),
(106, 'IL', 'Israel', 972),
(107, 'IT', 'Italy', 39),
(108, 'JM', 'Jamaica', 1876),
(109, 'JP', 'Japan', 81),
(110, 'XJ', 'Jersey', 44),
(111, 'JO', 'Jordan', 962),
(112, 'KZ', 'Kazakhstan', 7),
(113, 'KE', 'Kenya', 254),
(114, 'KI', 'Kiribati', 686),
(115, 'KP', 'Korea North', 850),
(116, 'KR', 'Korea South', 82),
(117, 'KW', 'Kuwait', 965),
(118, 'KG', 'Kyrgyzstan', 996),
(119, 'LA', 'Laos', 856),
(120, 'LV', 'Latvia', 371),
(121, 'LB', 'Lebanon', 961),
(122, 'LS', 'Lesotho', 266),
(123, 'LR', 'Liberia', 231),
(124, 'LY', 'Libya', 218),
(125, 'LI', 'Liechtenstein', 423),
(126, 'LT', 'Lithuania', 370),
(127, 'LU', 'Luxembourg', 352),
(128, 'MO', 'Macau S.A.R.', 853),
(129, 'MK', 'Macedonia', 389),
(130, 'MG', 'Madagascar', 261),
(131, 'MW', 'Malawi', 265),
(132, 'MY', 'Malaysia', 60),
(133, 'MV', 'Maldives', 960),
(134, 'ML', 'Mali', 223),
(135, 'MT', 'Malta', 356),
(136, 'XM', 'Man (Isle of)', 44),
(137, 'MH', 'Marshall Islands', 692),
(138, 'MQ', 'Martinique', 596),
(139, 'MR', 'Mauritania', 222),
(140, 'MU', 'Mauritius', 230),
(141, 'YT', 'Mayotte', 269),
(142, 'MX', 'Mexico', 52),
(143, 'FM', 'Micronesia', 691),
(144, 'MD', 'Moldova', 373),
(145, 'MC', 'Monaco', 377),
(146, 'MN', 'Mongolia', 976),
(147, 'MS', 'Montserrat', 1664),
(148, 'MA', 'Morocco', 212),
(149, 'MZ', 'Mozambique', 258),
(150, 'MM', 'Myanmar', 95),
(151, 'NA', 'Namibia', 264),
(152, 'NR', 'Nauru', 674),
(153, 'NP', 'Nepal', 977),
(154, 'AN', 'Netherlands Antilles', 599),
(155, 'NL', 'Netherlands The', 31),
(156, 'NC', 'New Caledonia', 687),
(157, 'NZ', 'New Zealand', 64),
(158, 'NI', 'Nicaragua', 505),
(159, 'NE', 'Niger', 227),
(160, 'NG', 'Nigeria', 234),
(161, 'NU', 'Niue', 683),
(162, 'NF', 'Norfolk Island', 672),
(163, 'MP', 'Northern Mariana Islands', 1670),
(164, 'NO', 'Norway', 47),
(165, 'OM', 'Oman', 968),
(166, 'PK', 'Pakistan', 92),
(167, 'PW', 'Palau', 680),
(168, 'PS', 'Palestinian Territory Occupied', 970),
(169, 'PA', 'Panama', 507),
(170, 'PG', 'Papua new Guinea', 675),
(171, 'PY', 'Paraguay', 595),
(172, 'PE', 'Peru', 51),
(173, 'PH', 'Philippines', 63),
(174, 'PN', 'Pitcairn Island', 0),
(175, 'PL', 'Poland', 48),
(176, 'PT', 'Portugal', 351),
(177, 'PR', 'Puerto Rico', 1787),
(178, 'QA', 'Qatar', 974),
(179, 'RE', 'Reunion', 262),
(180, 'RO', 'Romania', 40),
(181, 'RU', 'Russia', 70),
(182, 'RW', 'Rwanda', 250),
(183, 'SH', 'Saint Helena', 290),
(184, 'KN', 'Saint Kitts And Nevis', 1869),
(185, 'LC', 'Saint Lucia', 1758),
(186, 'PM', 'Saint Pierre and Miquelon', 508),
(187, 'VC', 'Saint Vincent And The Grenadines', 1784),
(188, 'WS', 'Samoa', 684),
(189, 'SM', 'San Marino', 378),
(190, 'ST', 'Sao Tome and Principe', 239),
(191, 'SA', 'Saudi Arabia', 966),
(192, 'SN', 'Senegal', 221),
(193, 'RS', 'Serbia', 381),
(194, 'SC', 'Seychelles', 248),
(195, 'SL', 'Sierra Leone', 232),
(196, 'SG', 'Singapore', 65),
(197, 'SK', 'Slovakia', 421),
(198, 'SI', 'Slovenia', 386),
(199, 'XG', 'Smaller Territories of the UK', 44),
(200, 'SB', 'Solomon Islands', 677),
(201, 'SO', 'Somalia', 252),
(202, 'ZA', 'South Africa', 27),
(203, 'GS', 'South Georgia', 0),
(204, 'SS', 'South Sudan', 211),
(205, 'ES', 'Spain', 34),
(206, 'LK', 'Sri Lanka', 94),
(207, 'SD', 'Sudan', 249),
(208, 'SR', 'Suriname', 597),
(209, 'SJ', 'Svalbard And Jan Mayen Islands', 47),
(210, 'SZ', 'Swaziland', 268),
(211, 'SE', 'Sweden', 46),
(212, 'CH', 'Switzerland', 41),
(213, 'SY', 'Syria', 963),
(214, 'TW', 'Taiwan', 886),
(215, 'TJ', 'Tajikistan', 992),
(216, 'TZ', 'Tanzania', 255),
(217, 'TH', 'Thailand', 66),
(218, 'TG', 'Togo', 228),
(219, 'TK', 'Tokelau', 690),
(220, 'TO', 'Tonga', 676),
(221, 'TT', 'Trinidad And Tobago', 1868),
(222, 'TN', 'Tunisia', 216),
(223, 'TR', 'Turkey', 90),
(224, 'TM', 'Turkmenistan', 7370),
(225, 'TC', 'Turks And Caicos Islands', 1649),
(226, 'TV', 'Tuvalu', 688),
(227, 'UG', 'Uganda', 256),
(228, 'UA', 'Ukraine', 380),
(229, 'AE', 'United Arab Emirates', 971),
(230, 'GB', 'United Kingdom', 44),
(231, 'US', 'United States', 1),
(232, 'UM', 'United States Minor Outlying Islands', 1),
(233, 'UY', 'Uruguay', 598),
(234, 'UZ', 'Uzbekistan', 998),
(235, 'VU', 'Vanuatu', 678),
(236, 'VA', 'Vatican City State (Holy See)', 39),
(237, 'VE', 'Venezuela', 58),
(238, 'VN', 'Vietnam', 84),
(239, 'VG', 'Virgin Islands (British)', 1284),
(240, 'VI', 'Virgin Islands (US)', 1340),
(241, 'WF', 'Wallis And Futuna Islands', 681),
(242, 'EH', 'Western Sahara', 212),
(243, 'YE', 'Yemen', 967),
(244, 'YU', 'Yugoslavia', 38),
(245, 'ZM', 'Zambia', 260),
(246, 'ZW', 'Zimbabwe', 263);

-- --------------------------------------------------------

--
-- Table structure for table `files`
--

CREATE TABLE IF NOT EXISTS `files` (
  `id` int(11) NOT NULL AUTO_INCREMENT,
  `file_name` varchar(255) COLLATE utf8_unicode_ci NOT NULL,
  `created` datetime NOT NULL COMMENT 'Upload Date',
  `modified` datetime NOT NULL,
  `status` tinyint(1) NOT NULL DEFAULT '1' COMMENT '1=Unblock, 0=Block',
  `userid` int(11) NOT NULL,
  PRIMARY KEY (`id`)
) ENGINE=InnoDB  DEFAULT CHARSET=utf8 COLLATE=utf8_unicode_ci AUTO_INCREMENT=53 ;

--
-- Dumping data for table `files`
--

INSERT INTO `files` (`id`, `file_name`, `created`, `modified`, `status`, `userid`) VALUES
(1, 'Screen_1.PNG', '2017-07-13 22:19:56', '2017-07-13 22:19:56', 1, 0),
(2, 'Screen_2.PNG', '2017-07-13 22:28:15', '2017-07-13 22:28:15', 1, 0),
(3, 'Screen_21.PNG', '2017-07-13 22:37:48', '2017-07-13 22:37:48', 1, 0),
(4, 'Screen_22.PNG', '2017-07-13 22:39:05', '2017-07-13 22:39:05', 1, 0),
(5, 'Screen_23.PNG', '2017-07-13 22:43:08', '2017-07-13 22:43:08', 1, 0),
(6, 'Screenshot_(3).png', '2017-07-13 23:05:10', '2017-07-13 23:05:10', 1, 0),
(7, 'Chrysanthemum.jpg', '2017-07-14 12:06:10', '2017-07-14 12:06:10', 1, 0),
(8, 'Koala.jpg', '2017-07-14 12:08:59', '2017-07-14 12:08:59', 1, 0),
(9, 'Hydrangeas.jpg', '2017-07-14 12:15:46', '2017-07-14 12:15:46', 1, 0),
(10, 'Jellyfish.jpg', '2017-07-14 14:06:54', '2017-07-14 14:06:54', 1, 0),
(11, 'Penguins.jpg', '2017-07-15 08:41:53', '2017-07-15 08:41:53', 1, 0),
(12, 'Tulips.jpg', '2017-07-15 08:42:18', '2017-07-15 08:42:18', 1, 0),
(13, 'Kendriya_Vidhyalaya_AFS_Samana_Mid_Day_Meal_bw-bg.jpg', '2017-07-16 20:01:42', '2017-07-16 20:01:42', 1, 0),
(14, 'DPS_Delhi_Fuels_Bills_Desert.jpg', '2017-07-17 14:06:29', '2017-07-17 14:06:29', 1, 0),
(15, 'DPS_Delhi_Fuels_Bills_Lighthouse.jpg', '2017-07-17 14:06:29', '2017-07-17 14:06:29', 1, 0),
(16, 'KV_AFS_SAMANA_Fuels_Screenshot_(1).png', '2017-07-18 20:16:49', '2017-07-18 20:16:49', 1, 0),
(17, 'KV_AFS_SAMANA_Fuels_Screenshot_(1)1.png', '2017-07-18 20:17:14', '2017-07-18 20:17:14', 1, 0),
(18, 'DPS_Delhi_Fuels_15157926-website-development-project-on-whiteboard-Stock-Photo-web-design-website.jpg', '2017-07-18 20:17:46', '2017-07-18 20:17:46', 1, 0),
(19, 'DPS_Delhi_Fuels_7b28b7d86758c37da1d2ca2393ffb228.jpg', '2017-07-18 20:20:08', '2017-07-18 20:20:08', 1, 0),
(20, 'as_Fuels_Advertising_Page_–_level_1.jpg', '2017-07-18 21:39:02', '2017-07-18 21:39:02', 1, 0),
(21, 'KV_AFS_SAMANA_Fuels_Bills_Screenshot_(3).png', '2017-07-19 18:40:36', '2017-07-19 18:40:36', 1, 0),
(22, 'cba_Buring_Waste_Android_2.jpg', '2017-07-19 22:33:52', '2017-07-19 22:33:52', 1, 0),
(23, 'DPS_Delhi_Fuels_waste.PNG', '2017-07-20 05:44:26', '2017-07-20 05:44:26', 1, 0),
(24, 'DPS_Delhi_Fuels_Capture1.PNG', '2017-07-20 05:44:26', '2017-07-20 05:44:26', 1, 0),
(25, 'DPS_Delhi_Segregation_Source_Classrooms_Energy.PNG', '2017-07-20 05:44:43', '2017-07-20 05:44:43', 1, 0),
(26, 'cba_Supporting_Document_Air_Screenshot_from_2017-07-18_23-41-50.png', '2017-07-21 12:37:42', '2017-07-21 12:37:42', 1, 0),
(27, 'cba_Supporting_Document_Air_Screenshot_from_2017-07-18_23-41-501.png', '2017-07-21 12:39:49', '2017-07-21 12:39:49', 1, 0),
(28, 'as_Fuels_Bills_6855409-download-wallpapers.jpg', '2017-07-23 15:04:14', '2017-07-23 15:04:14', 1, 0),
(29, 'ABC_School_Electricity_Bill_20150505-android-ios-switch-comparison-apple-bonnie-1_0.jpg', '2017-07-24 17:51:09', '2017-07-24 17:51:09', 1, 0),
(30, 'ABC_School_Electricity_Bill_20150505-android-ios-switch-comparison-apple-bonnie-1_01.jpg', '2017-07-24 17:51:46', '2017-07-24 17:51:46', 1, 0),
(31, 'ABC_School_Electricity_Bill_apple-music.png', '2017-07-24 17:52:40', '2017-07-24 17:52:40', 1, 0),
(32, 'ABC_School_Electricity_Bill_apple-music1.png', '2017-07-24 17:52:47', '2017-07-24 17:52:47', 1, 0),
(33, 'ABC_School_Electricity_Bill_Screen_Shot_2017-07-19_at_11_07_31_PM.png', '2017-07-24 17:53:20', '2017-07-24 17:53:20', 1, 0),
(34, 'cba_Electricity_Bill_^B4B84D19F7E14B53FCC9006536A1589C12B92676F368A9ADB0^pimgpsh_fullsize_distr.jpg', '2017-07-24 17:54:06', '2017-07-24 17:54:06', 1, 0),
(35, 'ABC_School_Mid_Day_Meal_Screen_Shot_2017-07-19_at_11_09_40_PM.png', '2017-07-24 17:59:06', '2017-07-24 17:59:06', 1, 0),
(36, 'cba_Electricity_Bill_^B4B84D19F7E14B53FCC9006536A1589C12B92676F368A9ADB0^pimgpsh_fullsize_distr1.jpg', '2017-07-24 18:01:54', '2017-07-24 18:01:54', 1, 0),
(37, 'ABC_School_Supporting_Document_Energy_Screen_Shot_2017-07-19_at_11_09_13_PM.png', '2017-07-24 18:44:09', '2017-07-24 18:44:09', 1, 0),
(38, 'ABC_School_Supporting_Document_Energy_Screen_Shot_2017-07-19_at_11_09_31_PM.png', '2017-07-24 18:46:15', '2017-07-24 18:46:15', 1, 0),
(39, 'ABC_School_Supporting_Document_Energy_Screen_Shot_2017-07-19_at_11_09_31_PM1.png', '2017-07-24 18:46:19', '2017-07-24 18:46:19', 1, 0),
(40, 'hamener_Electricity_Bill_Capture_1.PNG', '2017-07-25 11:34:52', '2017-07-25 11:34:52', 1, 0),
(41, 'hamener_Fuels_Bills_Capture_2.PNG', '2017-07-25 11:36:20', '2017-07-25 11:36:20', 1, 0),
(42, 'cba_Air_Quality_Monitoring_01.jpg', '2017-07-25 12:22:24', '2017-07-25 12:22:24', 1, 0),
(43, 'DPS_Delhi_Fuels_gsp_Screenshot_from_2017-07-11_18-45-48.png', '2017-07-27 13:30:38', '2017-07-27 13:30:38', 1, 0),
(44, 'MMJS_Electricity_Bill_a.jpg', '2017-07-27 23:51:57', '2017-07-27 23:51:57', 1, 0),
(45, 'MMJS_Supporting_Document_Energy_a.jpg', '2017-07-27 23:59:07', '2017-07-27 23:59:07', 1, 0),
(46, 'MMJS_Supporting_Document_Energy_a1.jpg', '2017-07-28 00:09:16', '2017-07-28 00:09:16', 1, 0),
(47, 'DEMO_Supporting_Document_Air_a.jpg', '2017-07-28 08:03:49', '2017-07-28 08:03:49', 1, 0),
(48, 'DEMO_Green_Cover_a.jpg', '2017-07-28 08:08:37', '2017-07-28 08:08:37', 1, 0),
(49, 'EEU_Public_School_Electricity_Bill_Capture_1_regis.PNG', '2017-07-28 12:34:50', '2017-07-28 12:34:50', 1, 0),
(50, 'EEU_Public_School_Electricity_Bill_Capture_1_regis1.PNG', '2017-07-28 15:34:59', '2017-07-28 15:34:59', 1, 0),
(51, 'EEU_Public_School_Mid_Day_Meal_Capture_1_regis.PNG', '2017-07-28 15:40:31', '2017-07-28 15:40:31', 1, 0),
(52, 'EEU_Public_School_Mid_Day_Meal_Capture_2_regis_confirm_email.PNG', '2017-07-28 15:40:55', '2017-07-28 15:40:55', 1, 0);

-- --------------------------------------------------------

--
-- Table structure for table `gsp_answers`
--

CREATE TABLE IF NOT EXISTS `gsp_answers` (
  `userid` int(11) NOT NULL,
  `questionid` varchar(11) NOT NULL,
  `answer` varchar(100) NOT NULL,
  `score` int(11) DEFAULT NULL,
  `type` int(11) NOT NULL
) ENGINE=InnoDB DEFAULT CHARSET=latin1;

--
-- Dumping data for table `gsp_answers`
--

INSERT INTO `gsp_answers` (`userid`, `questionid`, `answer`, `score`, `type`) VALUES
(1, 'Q1G1', '1', NULL, 1),
(1, 'Q1G2', '6', NULL, 1),
(1, 'Q3G1', '1', NULL, 1),
(1, 'Q4G4S3', '0', NULL, 1),
(1, 'movenext', 'movenext', NULL, 1),
(1, 'Q1A1S1', 'Sunil', NULL, 2),
(1, 'Q4A1', '0', NULL, 2),
(1, 'Q7A12S4', '0', NULL, 2),
(2, 'username', '9996080806', NULL, 0),
(2, 'state', '13', NULL, 0),
(2, 'district', '176', NULL, 0),
(2, 'Q1S1', '1', NULL, 0),
(2, 'Q2S1', '2', NULL, 0),
(2, 'Q1G1', '1', NULL, 1),
(2, 'Q1G2', '4', NULL, 1),
(2, 'Q2G1', '1', NULL, 1),
(2, 'Q4G4S3', '300', NULL, 1),
(2, 'Q3G1', '1', NULL, 1),
(2, 'Q8G1', '1', NULL, 1),
(2, 'Q9G1', '1', NULL, 1),
(2, 'Q4G1S1', '100', NULL, 1),
(2, 'Q4G1S3', '100', NULL, 1),
(2, 'Q4G2S1', '100', NULL, 1),
(2, 'Q4G2S3', '100', NULL, 1),
(2, 'Q4G3S1', '100', NULL, 1),
(2, 'Q4G3S3', '100', NULL, 1),
(2, 'Q4G4S1', '300', NULL, 1),
(2, 'Q4G4S2', '0', NULL, 1),
(2, 'Q5G1', '100', NULL, 1),
(2, 'Q6G1', '100', NULL, 1),
(2, 'Q4A1', '01', NULL, 2),
(2, 'Q5A1S1', '1', NULL, 2),
(2, 'Q5A1S2', '100', NULL, 2),
(2, 'Q5A1S3', '10', NULL, 2),
(2, 'Q5A1S4', '10', NULL, 2),
(2, 'Q5A110S2', '100', NULL, 2),
(2, 'Q5A110S3', '10', NULL, 2),
(2, 'Q6A1', '1', NULL, 2),
(2, 'Q7A1S1', '012', NULL, 2),
(2, 'Q7A1S2', '12', NULL, 2),
(2, 'Q7A1S3', '100', NULL, 2),
(2, 'Q7A1S4', '124', NULL, 2),
(2, 'Q7A2S1', '012', NULL, 2),
(2, 'Q7A2S2', '0', NULL, 2),
(2, 'Q7A2S3', '0', NULL, 2),
(2, 'Q7A2S4', '12', NULL, 2),
(2, 'Q7A3S1', '0', NULL, 2),
(2, 'Q7A3S2', '0', NULL, 2),
(2, 'Q7A3S3', '0', NULL, 2),
(2, 'Q7A3S4', '0', NULL, 2),
(2, 'Q7A4S1', '06', NULL, 2),
(2, 'Q7A4S2', '0', NULL, 2),
(2, 'Q7A4S3', '0', NULL, 2),
(2, 'Q7A4S4', '6', NULL, 2),
(2, 'Q7A5S1', '0', NULL, 2),
(2, 'Q7A5S2', '0', NULL, 2),
(2, 'Q7A5S3', '0', NULL, 2),
(2, 'Q7A5S4', '0', NULL, 2),
(2, 'Q7A6S1', '0', NULL, 2),
(2, 'Q7A6S2', '0', NULL, 2),
(2, 'Q7A6S3', '0', NULL, 2),
(2, 'Q7A6S4', '0', NULL, 2),
(2, 'Q7A7S1', '0', NULL, 2),
(2, 'Q7A7S2', '0', NULL, 2),
(2, 'Q7A7S3', '0', NULL, 2),
(2, 'Q7A7S4', '0', NULL, 2),
(2, 'Q7A8S1', '70', NULL, 2),
(2, 'Q7A8S2', '0', NULL, 2),
(2, 'Q7A8S3', '0', NULL, 2),
(2, 'Q7A8S4', '70', NULL, 2),
(2, 'Q7A9S1', '0', NULL, 2),
(2, 'Q7A9S2', '0', NULL, 2),
(2, 'Q7A9S3', '0', NULL, 2),
(2, 'Q7A9S4', '0', NULL, 2),
(2, 'Q7A10S1', '0', NULL, 2),
(2, 'Q7A10S2', '0', NULL, 2),
(2, 'Q7A10S3', '0', NULL, 2),
(2, 'Q7A10S4', '0', NULL, 2),
(2, 'Q7A11S1', '0', NULL, 2),
(2, 'Q7A11S2', '88', NULL, 2),
(2, 'Q7A11S3', '0', NULL, 2),
(2, 'Q7A11S4', '88', NULL, 2),
(2, 'Q7A12S1', '100', NULL, 2),
(2, 'Q7A12S2', '100', NULL, 2),
(2, 'Q7A12S3', '100', NULL, 2),
(2, 'Q7A12S4', '300', NULL, 2),
(2, 'Q8A1', '98', NULL, 2),
(2, 'Q9A1', 'N', NULL, 2),
(2, 'Q9A2', '2', NULL, 2),
(2, 'Q5E1', 'N', NULL, 3),
(2, 'Q6E1S1', '0', NULL, 3),
(2, 'Q6E1S3', '0', NULL, 3),
(2, 'Q6E2S1', '0', NULL, 3),
(2, 'Q6E2S3', '0', NULL, 3),
(2, 'Q6E3S1', '0', NULL, 3),
(2, 'Q6E3S3', '0', NULL, 3),
(2, 'Q6E4S1', '0', NULL, 3),
(2, 'Q6E4S3', '0', NULL, 3),
(2, 'Q6E5S1', '0', NULL, 3),
(2, 'Q6E5S3', '0', NULL, 3),
(2, 'Q6E6S1', '0', NULL, 3),
(2, 'Q6E6S3', '0', NULL, 3),
(2, 'Q6E7S1', '0', NULL, 3),
(2, 'Q6E7S3', '0', NULL, 3),
(2, 'Q6E16S1', '0', NULL, 3),
(2, 'Q6E16S3', '0', NULL, 3),
(2, 'Q6E8S1', '0', NULL, 3),
(2, 'Q6E8S3', '0', NULL, 3),
(2, 'Q6E9S1', '0', NULL, 3),
(2, 'Q6E9S3', '0', NULL, 3),
(2, 'Q6E10S1', '0', NULL, 3),
(2, 'Q6E10S3', '0', NULL, 3),
(2, 'Q6E11S1', '0', NULL, 3),
(2, 'Q6E11S3', '0', NULL, 3),
(2, 'Q6E12S1', '0', NULL, 3),
(2, 'Q6E12S3', '0', NULL, 3),
(2, 'Q6E13S1', '0', NULL, 3),
(2, 'Q6E13S3', '0', NULL, 3),
(2, 'Q6E14S1', '0', NULL, 3),
(2, 'Q6E14S3', '0', NULL, 3),
(2, 'Q8E1', '122', NULL, 3),
(2, 'Q9E1', 'N', NULL, 3),
(2, 'Q1A1S1', 'qw', NULL, 2),
(2, 'Q1A1S3', 'qw', NULL, 2),
(2, 'Q1A1S2', 'qw@g.com', NULL, 2),
(2, 'Q2A1S1', 'a', NULL, 2),
(2, 'Q2A1S3', 'a', NULL, 2),
(2, 'Q2A1S2', 'qw@g.com', NULL, 2),
(2, 'Q3A1S1', 'a', NULL, 2),
(2, 'Q3A1S2', 'a', NULL, 2),
(2, 'Q3A1S3', 'a', NULL, 2),
(2, 'Q7G5', '5', NULL, 1),
(2, 'Q7G6', '6', NULL, 1),
(2, 'Q7G7', '7', NULL, 1),
(2, 'Q20W1', 'Y', NULL, 6),
(3, 'username', '9873926822', NULL, 0),
(3, 'state', '10', NULL, 0),
(3, 'district', '134', NULL, 0),
(3, 'Q1S1', '2', NULL, 0),
(3, 'Q2S1', '1', NULL, 0),
(3, 'Q1G1', '1', NULL, 1),
(3, 'Q1G2', '5', NULL, 1),
(3, 'Q4G4S3', '350', NULL, 1),
(3, 'Q2G1', '3', NULL, 1),
(3, 'Q3G1', '1', NULL, 1),
(3, 'Q4G1S1', '100', NULL, 1),
(3, 'Q4G1S2', '100', NULL, 1),
(3, 'Q4G1S3', '200', NULL, 1),
(3, 'Q4G2S1', '50', NULL, 1),
(3, 'Q4G2S2', '50', NULL, 1),
(3, 'Q4G2S3', '100', NULL, 1),
(3, 'Q4G3S1', '25', NULL, 1),
(3, 'Q4G3S2', '25', NULL, 1),
(3, 'Q4G3S3', '50', NULL, 1),
(3, 'Q4G4S1', '175', NULL, 1),
(3, 'Q4G4S2', '175', NULL, 1),
(3, 'Q5G1', '50', NULL, 1),
(3, 'Q6G1', '290', NULL, 1),
(3, 'Q7G6', '6', NULL, 1),
(3, 'Q7G7', '7', NULL, 1),
(3, 'Q7G8', '8', NULL, 1),
(3, 'Q7G9', '9', NULL, 1),
(3, 'Q7G10', '10', NULL, 1),
(3, 'Q8G1', '1', NULL, 1),
(3, 'Q9G1', '2', NULL, 1),
(3, 'Q1E1S1', 'qwerty', NULL, 3),
(3, 'Q1E1S3', 'asdfgh', NULL, 3),
(3, 'Q1E1S2', 'qwerty@gmail.com', NULL, 3),
(3, 'Q1E2S1', 'qwerty', NULL, 3),
(3, 'Q1E2S3', 'asdfgh', NULL, 3),
(3, 'Q1E3S1', 'qwerty', NULL, 3),
(3, 'Q1E3S3', 'asdfgh', NULL, 3),
(3, 'Q2E1S1', 'qwerty', NULL, 3),
(3, 'Q2E1S3', 'asdfgh', NULL, 3),
(3, 'Q2E1S2', 'qwerty@gmail.com', NULL, 3),
(3, 'Q2E2S1', 'qwerty', NULL, 3),
(3, 'Q2E2S3', 'asdfgh', NULL, 3),
(3, 'Q2E3S1', 'qwerty', NULL, 3),
(3, 'Q2E3S3', 'asdfgh', NULL, 3),
(3, 'Q2E4S1', 'qwerty', NULL, 3),
(3, 'Q2E4S3', 'asdfgh', NULL, 3),
(3, 'Q2E5S1', 'qwerty', NULL, 3),
(3, 'Q2E5S3', 'asdfgh', NULL, 3),
(3, 'Q3E1S1', 'qwerty', NULL, 3),
(3, 'Q3E1S2', 'asdfgh', NULL, 3),
(3, 'Q3E1S3', '8', NULL, 3),
(3, 'Q3E2S1', 'qwerty', NULL, 3),
(3, 'Q3E2S2', 'asdfgh', NULL, 3),
(3, 'Q3E2S3', '8', NULL, 3),
(3, 'Q3E3S1', 'qwerty', NULL, 3),
(3, 'Q3E3S2', 'asdfgh', NULL, 3),
(3, 'Q3E3S3', '8', NULL, 3),
(3, 'Q3E4S1', 'qwerty', NULL, 3),
(3, 'Q3E4S2', 'asdfgh', NULL, 3),
(3, 'Q3E4S3', '8', NULL, 3),
(3, 'Q3E5S1', 'qwerty', NULL, 3),
(3, 'Q3E5S2', 'asdfgh', NULL, 3),
(3, 'Q3E5S3', '8', NULL, 3),
(3, 'Q3E6S1', 'qwerty', NULL, 3),
(3, 'Q3E6S2', 'asdfgh', NULL, 3),
(3, 'Q3E6S3', '8', NULL, 3),
(3, 'Q3E7S1', 'qwerty', NULL, 3),
(3, 'Q3E7S2', 'asdfgh', NULL, 3),
(3, 'Q3E7S3', '8', NULL, 3),
(3, 'Q3E8S1', 'qwerty', NULL, 3),
(3, 'Q3E8S2', 'asdfgh', NULL, 3),
(3, 'Q3E8S3', '8', NULL, 3),
(3, 'Q3E9S1', 'qwerty', NULL, 3),
(3, 'Q3E9S2', 'asdfgh', NULL, 3),
(3, 'Q3E9S3', '8', NULL, 3),
(3, 'Q3E10S1', 'qwerty', NULL, 3),
(3, 'Q3E10S2', 'asdfgh', NULL, 3),
(3, 'Q3E10S3', '8', NULL, 3),
(3, 'Q4E1', 'Y', NULL, 3),
(3, 'Q5E1', 'Y', NULL, 3),
(3, 'Q6E1S1', '1', NULL, 3),
(3, 'Q6E1S2', '3.6', NULL, 3),
(3, 'Q6E1S3', '0', NULL, 3),
(3, 'Q6E2S1', '01', NULL, 3),
(3, 'Q6E2S2', '44.8', NULL, 3),
(3, 'Q6E2S3', '0', NULL, 3),
(3, 'Q6E3S1', '01', NULL, 3),
(3, 'Q6E3S2', '43.93', NULL, 3),
(3, 'Q6E3S3', '0', NULL, 3),
(3, 'Q6E4S1', '01', NULL, 3),
(3, 'Q6E4S2', '44.8', NULL, 3),
(3, 'Q6E4S3', '0', NULL, 3),
(3, 'Q6E5S1', '01', NULL, 3),
(3, 'Q6E5S2', '37.24', NULL, 3),
(3, 'Q6E5S3', '0', NULL, 3),
(3, 'Q6E6S1', '01', NULL, 3),
(3, 'Q6E6S2', '43.09', NULL, 3),
(3, 'Q6E6S3', '0', NULL, 3),
(3, 'Q6E7S1', '01', NULL, 3),
(3, 'Q6E7S2', '20.92', NULL, 3),
(3, 'Q6E7S3', '0', NULL, 3),
(3, 'Q6E16S1', '01', NULL, 3),
(3, 'Q6E16S2', '13.28', NULL, 3),
(3, 'Q6E16S3', '0', NULL, 3),
(3, 'Q6E8S1', '01', NULL, 3),
(3, 'Q6E8S2', '13.77', NULL, 3),
(3, 'Q6E8S3', '0', NULL, 3),
(3, 'Q6E9S1', '01', NULL, 3),
(3, 'Q6E9S2', '3.6', NULL, 3),
(3, 'Q6E9S3', '0', NULL, 3),
(3, 'Q6E10S1', '01', NULL, 3),
(3, 'Q6E10S2', '3.6', NULL, 3),
(3, 'Q6E10S3', '0', NULL, 3),
(3, 'Q6E11S1', '01', NULL, 3),
(3, 'Q6E11S2', '45.19', NULL, 3),
(3, 'Q6E11S3', '0', NULL, 3),
(3, 'Q6E12S1', '01', NULL, 3),
(3, 'Q6E12S2', '13.77', NULL, 3),
(3, 'Q6E12S3', '0', NULL, 3),
(3, 'Q6E13S1', '01', NULL, 3),
(3, 'Q6E13S2', '13.77', NULL, 3),
(3, 'Q6E13S3', '0', NULL, 3),
(3, 'Q6E14S1', '0', NULL, 3),
(3, 'Q6E14S3', '0', NULL, 3),
(3, 'Q6E15S1', '14', NULL, 3),
(3, 'Q6E15S2', '345.35999999999996', NULL, 3),
(3, 'Q7E2S1', '1', NULL, 3),
(3, 'Q7E2S2', '2', NULL, 3),
(3, 'Q7E2S3', '2', NULL, 3),
(3, 'Q7E3S1', '1', NULL, 3),
(3, 'Q7E3S2', '165', NULL, 3),
(3, 'Q7E3S3', '2', NULL, 3),
(3, 'Q7E4S1', '1', NULL, 3),
(3, 'Q7E4S2', '500', NULL, 3),
(3, 'Q7E4S3', '2', NULL, 3),
(3, 'Q7E5S1', '1', NULL, 3),
(3, 'Q7E5S2', '40', NULL, 3),
(3, 'Q7E5S3', '2', NULL, 3),
(3, 'Q7E6S1', '1', NULL, 3),
(3, 'Q7E6S2', '20', NULL, 3),
(3, 'Q7E6S3', '2', NULL, 3),
(3, 'Q7E7S1', '1', NULL, 3),
(3, 'Q7E7S2', '10', NULL, 3),
(3, 'Q7E7S3', '2', NULL, 3),
(3, 'Q7E8S1', '1', NULL, 3),
(3, 'Q7E8S2', '0', NULL, 3),
(3, 'Q7E8S3', '2', NULL, 3),
(3, 'Q8E1', '200', NULL, 3),
(3, 'Q9E1', 'Y', NULL, 3),
(3, 'Q1F1S1', 'qwerty', NULL, 4),
(3, 'Q1F1S3', 'asdfgh', NULL, 4),
(3, 'Q1F1S2', 'qwerty@gmail.com', NULL, 4),
(3, 'Q1F2S1', 'qwerty', NULL, 4),
(3, 'Q1F2S3', 'asdfgh', NULL, 4),
(3, 'Q1F2S2', 'qwerty@gmail.com', NULL, 4),
(3, 'Q1F3S1', 'qwerty', NULL, 4),
(3, 'Q1F3S3', 'asdfgh', NULL, 4),
(3, 'Q1F3S2', 'qwerty@gmail.com', NULL, 4),
(3, 'Q2F1S1', 'qwerty', NULL, 4),
(3, 'Q2F1S3', 'asdfgh', NULL, 4),
(3, 'Q2F1S2', 'qwerty@gmail.com', NULL, 4),
(3, 'Q2F2S1', 'qwerty', NULL, 4),
(3, 'Q2F2S3', 'asdfgh', NULL, 4),
(3, 'Q2F2S2', 'qwerty@gmail.com', NULL, 4),
(3, 'Q2F3S1', 'qwerty', NULL, 4),
(3, 'Q2F3S3', 'asdfgh', NULL, 4),
(3, 'Q2F3S2', 'qwerty@gmail.com', NULL, 4),
(3, 'Q2F4S1', 'qwerty', NULL, 4),
(3, 'Q2F4S3', 'asdfgh', NULL, 4),
(3, 'Q2F4S2', 'qwerty@gmail.com', NULL, 4),
(3, 'Q2F5S1', 'qwerty', NULL, 4),
(3, 'Q2F5S3', 'asdfgh', NULL, 4),
(3, 'Q2F5S2', 'qwerty@gmail.com', NULL, 4),
(3, 'Q3F1S1', 'qwerty', NULL, 4),
(3, 'Q3F1S2', 'asdfgh', NULL, 4),
(3, 'Q3F1S3', '8', NULL, 4),
(3, 'Q3F2S1', 'qwerty', NULL, 4),
(3, 'Q3F2S2', 'asdfgh', NULL, 4),
(3, 'Q3F2S3', '8', NULL, 4),
(3, 'Q3F3S1', 'qwerty', NULL, 4),
(3, 'Q3F3S2', 'asdfgh', NULL, 4),
(3, 'Q3F3S3', '8', NULL, 4),
(3, 'Q3F4S1', 'qwerty', NULL, 4),
(3, 'Q3F4S2', 'asdfgh', NULL, 4),
(3, 'Q3F4S3', '8', NULL, 4),
(3, 'Q3F5S1', 'qwerty', NULL, 4),
(3, 'Q3F5S2', 'asdfgh', NULL, 4),
(3, 'Q3F5S3', '8', NULL, 4),
(3, 'Q3F6S1', 'qwerty', NULL, 4),
(3, 'Q3F6S2', 'asdfgh', NULL, 4),
(3, 'Q3F6S3', '8', NULL, 4),
(3, 'Q3F7S1', 'qwerty', NULL, 4),
(3, 'Q3F7S2', 'asdfgh', NULL, 4),
(3, 'Q3F7S3', '8', NULL, 4),
(3, 'Q3F8S1', 'qwerty', NULL, 4),
(3, 'Q3F8S2', 'asdfgh', NULL, 4),
(3, 'Q3F8S3', '8', NULL, 4),
(3, 'Q3F9S1', 'qwerty', NULL, 4),
(3, 'Q3F9S2', 'asdfgh', NULL, 4),
(3, 'Q3F9S3', '8', NULL, 4),
(3, 'Q3F10S1', 'qwerty', NULL, 4),
(3, 'Q3F10S2', 'asdfgh', NULL, 4),
(3, 'Q3F10S3', '8', NULL, 4),
(3, 'Q4F1', 'Y', NULL, 4),
(3, 'Q5F1', 'Y', NULL, 4),
(3, 'Q5F1S1', '2', NULL, 4),
(3, 'Q5F2S1', 'Y', NULL, 4),
(3, 'Q5F2S2', 'Y', NULL, 4),
(3, 'Q5F2S3', 'Y', NULL, 4),
(3, 'Q5F2S4', 'Y', NULL, 4),
(3, 'Q5F2S5', 'Y', NULL, 4),
(3, 'Q5F2S6', 'Y', NULL, 4),
(3, 'Q5F2S7', 'Y', NULL, 4),
(3, 'Q5F2S8', 'Y', NULL, 4),
(3, 'Q5F2S9', 'Y', NULL, 4),
(3, 'Q5F2S10', 'Y', NULL, 4),
(3, 'Q5F2S11', 'Y', NULL, 4),
(3, 'Q5F2S12', 'Y', NULL, 4),
(3, 'Q5F2S13', 'Y', NULL, 4),
(3, 'Q5F2S14', 'Y', NULL, 4),
(3, 'Q5F3S1', '10', NULL, 4),
(3, 'Q6F2S1', '100', NULL, 4),
(3, 'Q6F2S2', '1000', NULL, 4),
(3, 'Q6F2S3', '1', NULL, 4),
(3, 'Q6F3S1', '100', NULL, 4),
(3, 'Q6F3S2', '1000', NULL, 4),
(3, 'Q6F3S3', '1', NULL, 4),
(3, 'Q6F4S1', '100', NULL, 4),
(3, 'Q6F4S2', '1000', NULL, 4),
(3, 'Q6F4S3', '1', NULL, 4),
(3, 'Q6F5S1', '100', NULL, 4),
(3, 'Q6F5S2', '1000', NULL, 4),
(3, 'Q6F5S3', '1', NULL, 4),
(3, 'Q6F6S1', '100', NULL, 4),
(3, 'Q6F6S2', '10000', NULL, 4),
(3, 'Q6F6S3', '2', NULL, 4),
(3, 'Q6F7S1', '100', NULL, 4),
(3, 'Q6F7S2', '100000', NULL, 4),
(3, 'Q6F7S3', '1', NULL, 4),
(3, 'Q6F8S1', '100', NULL, 4),
(3, 'Q6F8S2', '1000', NULL, 4),
(3, 'Q6F8S3', '1', NULL, 4),
(3, 'Q6F9S1', '100', NULL, 4),
(3, 'Q6F9S2', '1000', NULL, 4),
(3, 'Q6F9S3', '1', NULL, 4),
(3, 'Q6F10S1', '100', NULL, 4),
(3, 'Q6F10S2', '10000', NULL, 4),
(3, 'Q6F10S3', '1', NULL, 4),
(3, 'Q7F1', 'N', NULL, 4),
(3, 'Q8F1', 'N', NULL, 4),
(3, 'Q9F1', 'Y', NULL, 4),
(3, 'Q9F2', 'asdfgh', NULL, 4),
(3, 'Q10F1', 'Y', NULL, 4),
(3, 'Q10F2', 'asdfgh', NULL, 4),
(3, 'Q11F1', 'Y', NULL, 4),
(3, 'Q11F2', 'asdfgh', NULL, 4),
(3, 'Q11F3', 'Y', NULL, 4),
(3, 'Q12F1', 'Y', NULL, 4),
(3, 'Q12F2', '3', NULL, 4),
(3, 'Q13F1', 'Y', NULL, 4),
(3, 'Q13F2', 'asdfgh', NULL, 4);

-- --------------------------------------------------------

--
-- Table structure for table `gsp_question`
--

CREATE TABLE IF NOT EXISTS `gsp_question` (
  `id` int(11) NOT NULL AUTO_INCREMENT,
  `question` varchar(100) NOT NULL,
  `type` int(11) NOT NULL,
  `score` int(15) NOT NULL,
  PRIMARY KEY (`id`)
) ENGINE=InnoDB DEFAULT CHARSET=latin1 AUTO_INCREMENT=1 ;

-- --------------------------------------------------------

--
-- Table structure for table `gsp_school`
--

CREATE TABLE IF NOT EXISTS `gsp_school` (
  `id` int(11) NOT NULL AUTO_INCREMENT,
  `userid` int(11) NOT NULL,
  `name` varchar(100) NOT NULL,
  `address1` varchar(255) DEFAULT NULL,
  `address2` varchar(100) NOT NULL,
  `country` varchar(20) NOT NULL DEFAULT 'India',
  `state` varchar(35) NOT NULL,
  `district` varchar(35) NOT NULL,
  `city` varchar(35) NOT NULL,
  `pincode` int(10) NOT NULL,
  `std` int(8) NOT NULL,
  `telephone` bigint(20) DEFAULT NULL,
  `country_code` int(5) NOT NULL,
  `schoolemail` varchar(100) NOT NULL,
  `principle_name` varchar(100) NOT NULL,
  `mobile` bigint(20) DEFAULT NULL,
  `coname` varchar(100) NOT NULL,
  `coemail` varchar(100) NOT NULL,
  `comobile` bigint(20) DEFAULT NULL,
  `progress` int(11) NOT NULL DEFAULT '5',
  `date_added` datetime NOT NULL,
  `password` varchar(100) NOT NULL,
  PRIMARY KEY (`id`)
) ENGINE=InnoDB  DEFAULT CHARSET=latin1 AUTO_INCREMENT=4 ;

--
-- Dumping data for table `gsp_school`
--

INSERT INTO `gsp_school` (`id`, `userid`, `name`, `address1`, `address2`, `country`, `state`, `district`, `city`, `pincode`, `std`, `telephone`, `country_code`, `schoolemail`, `principle_name`, `mobile`, `coname`, `coemail`, `comobile`, `progress`, `date_added`, `password`) VALUES
(1, 1, 'KEndriya Vidhyalaya', 'Samana', 'Radar Base', 'India', '12', '148', 'Jamanagar', 362001, 122, 123456, 91, 'chauhansunil918@gmail.com', 'XYZ', 8800776946, 'XYZ', 'XYZ@gmail.com', 8800776943, 5, '2017-07-28 05:39:38', ''),
(2, 2, 'DEMO', 'DEMO', 'DEMO', 'India', '13', '176', 'NARNAUL', 123001, 1282, 9996080805, 91, 'ERHAMENDER@GMAIL.COM', 'HAMENDER', 9996080805, 'MITHU', 'HAMENDER@STUDIOTESSERACT.BIZ', 9996080806, 5, '2017-07-28 07:58:59', ''),
(3, 3, 'EEU Public School', 'Centre for Science and Environment', '41 Tughlakabad Institutional Area ', 'India', '10', '134', 'New Delhi', 110062, 11, 40616000, 91, 'cse@cseindia.org', 'Principal', 9876543210, 'Coordinator', 'support@greenschoolsprogramme.org', 9873926822, 5, '2017-07-28 10:10:26', '');

-- --------------------------------------------------------

--
-- Table structure for table `gsp_user`
--

CREATE TABLE IF NOT EXISTS `gsp_user` (
  `id` int(11) NOT NULL AUTO_INCREMENT,
  `email` varchar(100) NOT NULL,
  `password` varchar(100) NOT NULL,
  `status` int(11) NOT NULL DEFAULT '0',
  `username` varchar(100) NOT NULL,
  PRIMARY KEY (`id`)
) ENGINE=InnoDB  DEFAULT CHARSET=latin1 AUTO_INCREMENT=4 ;

--
-- Dumping data for table `gsp_user`
--

INSERT INTO `gsp_user` (`id`, `email`, `password`, `status`, `username`) VALUES
(1, 'chauhansunil918@gmail.com', 'XqsMxvstb9', 0, 'KEndriya Vidhyalaya'),
(2, 'ERHAMENDER@GMAIL.COM', 'wD19F', 0, 'DEMO'),
(3, 'cse@cseindia.org', '2YYdG', 0, 'EEU Public School');

-- --------------------------------------------------------

--
-- Table structure for table `states`
--

CREATE TABLE IF NOT EXISTS `states` (
  `id` int(11) NOT NULL AUTO_INCREMENT,
  `name` varchar(30) NOT NULL,
  `country_id` int(11) NOT NULL DEFAULT '1',
  PRIMARY KEY (`id`)
) ENGINE=InnoDB  DEFAULT CHARSET=latin1 AUTO_INCREMENT=37 ;

--
-- Dumping data for table `states`
--

INSERT INTO `states` (`id`, `name`, `country_id`) VALUES
(1, 'Andaman and Nicobar (AN)', 1),
(2, 'Andhra Pradesh (AP)', 1),
(3, 'Arunachal Pradesh (AR)', 1),
(4, 'Assam (AS)', 1),
(5, 'Bihar (BR)', 1),
(6, 'Chandigarh (CH)', 1),
(7, 'Chhattisgarh (CG)', 1),
(8, 'Dadra and Nagar Haveli (DN)', 1),
(9, 'Daman and Diu (DD)', 1),
(10, 'Delhi (DL)', 1),
(11, 'Goa (GA)', 1),
(12, 'Gujarat (GJ)', 1),
(13, 'Haryana (HR)', 1),
(14, 'Himachal Pradesh (HP)', 1),
(15, 'Jammu and Kashmir (JK)', 1),
(16, 'Jharkhand (JH)', 1),
(17, 'Karnataka (KA)', 1),
(18, 'Kerala (KL)', 1),
(19, 'Lakshdweep (LD)', 1),
(20, 'Madhya Pradesh (MP)', 1),
(21, 'Maharashtra (MH)', 1),
(22, 'Manipur (MN)', 1),
(23, 'Meghalaya (ML)', 1),
(24, 'Mizoram (MZ)', 1),
(25, 'Nagaland (NL)', 1),
(26, 'Odisha (OD)', 1),
(27, 'Puducherry (PY)', 1),
(28, 'Punjab (PB)', 1),
(29, 'Rajasthan (RJ)', 1),
(30, 'Sikkim (SK)', 1),
(31, 'Tamil Nadu (TN)', 1),
(32, 'Telangana (TG)', 1),
(33, 'Tripura (TR) ', 1),
(34, 'Uttar Pradesh (UP)', 1),
(35, 'Uttarakhand (UK)', 1),
(36, 'West Bengal (WB)', 1);

-- --------------------------------------------------------

--
-- Table structure for table `tbl_admin`
--

CREATE TABLE IF NOT EXISTS `tbl_admin` (
  `id` int(11) NOT NULL AUTO_INCREMENT,
  `username` varchar(100) NOT NULL,
  `email` varchar(100) NOT NULL,
  `password` varchar(255) NOT NULL,
  `status` enum('0','1') NOT NULL DEFAULT '0',
  PRIMARY KEY (`id`)
) ENGINE=InnoDB  DEFAULT CHARSET=latin1 AUTO_INCREMENT=2 ;

--
-- Dumping data for table `tbl_admin`
--

INSERT INTO `tbl_admin` (`id`, `username`, `email`, `password`, `status`) VALUES
(1, 'GSP Admin', 'info@gsp.com', '123', '0');

/*!40101 SET CHARACTER_SET_CLIENT=@OLD_CHARACTER_SET_CLIENT */;
/*!40101 SET CHARACTER_SET_RESULTS=@OLD_CHARACTER_SET_RESULTS */;
/*!40101 SET COLLATION_CONNECTION=@OLD_COLLATION_CONNECTION */;
